<?xml version="1.0" encoding="UTF-8"?>
<config xmlns="http://www.knime.org/2008/09/XMLConfig" xmlns:xsi="http://www.w3.org/2001/XMLSchema-instance" xsi:schemaLocation="http://www.knime.org/2008/09/XMLConfig http://www.knime.org/XMLConfig_2008_09.xsd" key="model.xml">
    <entry key="version" type="xint" value="1"/>
    <entry key="class_name" type="xstring" value="org.knime.base.node.mine.transformation.port.TransformationPortObject"/>
    <config key="model">
        <entry key="max_dim_to_reduce_to" type="xint" value="13"/>
        <config key="eigenvalues">
            <entry key="array-size" type="xint" value="13"/>
            <entry key="0" type="xdouble" value="974.8022424410111"/>
            <entry key="1" type="xdouble" value="167.5601266554702"/>
            <entry key="2" type="xdouble" value="103.22517496156284"/>
            <entry key="3" type="xdouble" value="89.16234444099189"/>
            <entry key="4" type="xdouble" value="18.009315680944358"/>
            <entry key="5" type="xdouble" value="0.4282682110442278"/>
            <entry key="6" type="xdouble" value="0.14101213319722078"/>
            <entry key="7" type="xdouble" value="0.0073785698905985825"/>
            <entry key="8" type="xdouble" value="0.0038605473177130167"/>
            <entry key="9" type="xdouble" value="0.0012858120298328232"/>
            <entry key="10" type="xdouble" value="2.4139646033093914E-5"/>
            <entry key="11" type="xdouble" value="7.189024494478489E-10"/>
            <entry key="12" type="xdouble" value="1.6386436783866584E-12"/>
        </config>
        <config key="center">
            <entry key="array-size" type="xint" value="13"/>
            <entry key="0" type="xdouble" value="29.20505871725379"/>
            <entry key="1" type="xdouble" value="5.40379403794038"/>
            <entry key="2" type="xdouble" value="18.27986402439021"/>
            <entry key="3" type="xdouble" value="30.075744579945788"/>
            <entry key="4" type="xdouble" value="17.416281865402"/>
            <entry key="5" type="xdouble" value="6.813095304652213E-7"/>
            <entry key="6" type="xdouble" value="0.4573393014325686"/>
            <entry key="7" type="xdouble" value="8.53290487446556E-5"/>
            <entry key="8" type="xdouble" value="0.08839306684733515"/>
            <entry key="9" type="xdouble" value="0.003730510388437213"/>
            <entry key="10" type="xdouble" value="52.83077560975606"/>
            <entry key="11" type="xdouble" value="0.1869692863595306"/>
            <entry key="12" type="xdouble" value="52.03252032520323"/>
        </config>
        <entry key="number_rows" type="xint" value="13"/>
        <config key="eigenvector">
            <config key="row_0">
                <entry key="array-size" type="xint" value="13"/>
                <entry key="0" type="xdouble" value="-0.017330639549171342"/>
                <entry key="1" type="xdouble" value="-0.001416986474792272"/>
                <entry key="2" type="xdouble" value="6.846623409828228E-4"/>
                <entry key="3" type="xdouble" value="0.02307146447683073"/>
                <entry key="4" type="xdouble" value="0.0028427889573972133"/>
                <entry key="5" type="xdouble" value="1.1630880912138443E-9"/>
                <entry key="6" type="xdouble" value="1.768049108412679E-5"/>
                <entry key="7" type="xdouble" value="2.008396377526014E-8"/>
                <entry key="8" type="xdouble" value="2.230805888093479E-6"/>
                <entry key="9" type="xdouble" value="2.2993140840326332E-6"/>
                <entry key="10" type="xdouble" value="0.013504452478344182"/>
                <entry key="11" type="xdouble" value="-6.47736015953673E-5"/>
                <entry key="12" type="xdouble" value="-0.9994870802777998"/>
            </config>
            <config key="row_1">
                <entry key="array-size" type="xint" value="13"/>
                <entry key="0" type="xdouble" value="0.1288625444459906"/>
                <entry key="1" type="xdouble" value="0.01083003866335252"/>
                <entry key="2" type="xdouble" value="-0.01136930966220857"/>
                <entry key="3" type="xdouble" value="-0.9669092316115043"/>
                <entry key="4" type="xdouble" value="-0.04100803057697669"/>
                <entry key="5" type="xdouble" value="4.97490841429808E-9"/>
                <entry key="6" type="xdouble" value="-1.4082217610434758E-4"/>
                <entry key="7" type="xdouble" value="-6.693760188732827E-7"/>
                <entry key="8" type="xdouble" value="-0.001040611127697699"/>
                <entry key="9" type="xdouble" value="1.2459137177735924E-5"/>
                <entry key="10" type="xdouble" value="-0.21398761540020023"/>
                <entry key="11" type="xdouble" value="2.037667400714559E-4"/>
                <entry key="12" type="xdouble" value="-0.027584942056813146"/>
            </config>
            <config key="row_2">
                <entry key="array-size" type="xint" value="13"/>
                <entry key="0" type="xdouble" value="0.9650790372290032"/>
                <entry key="1" type="xdouble" value="0.07936925659943901"/>
                <entry key="2" type="xdouble" value="-1.1829572773386475E-4"/>
                <entry key="3" type="xdouble" value="0.17082235113062436"/>
                <entry key="4" type="xdouble" value="-0.03575533373035333"/>
                <entry key="5" type="xdouble" value="-5.798136598735274E-10"/>
                <entry key="6" type="xdouble" value="-5.072047079656385E-5"/>
                <entry key="7" type="xdouble" value="1.7407935054014688E-7"/>
                <entry key="8" type="xdouble" value="3.7432200989241307E-4"/>
                <entry key="9" type="xdouble" value="-6.498308917051189E-6"/>
                <entry key="10" type="xdouble" value="-0.1778388873008911"/>
                <entry key="11" type="xdouble" value="1.3915278770318875E-4"/>
                <entry key="12" type="xdouble" value="-0.01540803512590201"/>
            </config>
            <config key="row_3">
                <entry key="array-size" type="xint" value="13"/>
                <entry key="0" type="xdouble" value="0.21214216886558304"/>
                <entry key="1" type="xdouble" value="0.016810037995589985"/>
                <entry key="2" type="xdouble" value="-0.0025147722236518876"/>
                <entry key="3" type="xdouble" value="-0.1877249244718576"/>
                <entry key="4" type="xdouble" value="0.17584832134337414"/>
                <entry key="5" type="xdouble" value="-1.5871754935338093E-8"/>
                <entry key="6" type="xdouble" value="-1.4288090209292763E-4"/>
                <entry key="7" type="xdouble" value="-4.163919687646005E-7"/>
                <entry key="8" type="xdouble" value="-8.630445824346465E-4"/>
                <entry key="9" type="xdouble" value="-3.148349401461139E-5"/>
                <entry key="10" type="xdouble" value="0.9426111207842499"/>
                <entry key="11" type="xdouble" value="1.896950270619647E-5"/>
                <entry key="12" type="xdouble" value="0.005198817821387662"/>
            </config>
            <config key="row_4">
                <entry key="array-size" type="xint" value="13"/>
                <entry key="0" type="xdouble" value="-0.0026778713895215193"/>
                <entry key="1" type="xdouble" value="-1.7024155092240404E-4"/>
                <entry key="2" type="xdouble" value="-0.0405969704627881"/>
                <entry key="3" type="xdouble" value="0.0010719100009380217"/>
                <entry key="4" type="xdouble" value="-0.9820956842577572"/>
                <entry key="5" type="xdouble" value="2.6918916948729706E-8"/>
                <entry key="6" type="xdouble" value="0.0011854735146904426"/>
                <entry key="7" type="xdouble" value="-1.0627870278879915E-6"/>
                <entry key="8" type="xdouble" value="8.166070692866948E-4"/>
                <entry key="9" type="xdouble" value="-1.292052735028128E-4"/>
                <entry key="10" type="xdouble" value="0.1839276110350218"/>
                <entry key="11" type="xdouble" value="-2.810716442100488E-4"/>
                <entry key="12" type="xdouble" value="-2.645583199928678E-4"/>
            </config>
            <config key="row_5">
                <entry key="array-size" type="xint" value="13"/>
                <entry key="0" type="xdouble" value="-0.0017007620915303842"/>
                <entry key="1" type="xdouble" value="-0.00403403608311065"/>
                <entry key="2" type="xdouble" value="-0.9988768587016991"/>
                <entry key="3" type="xdouble" value="0.011398546812078315"/>
                <entry key="4" type="xdouble" value="0.03994690194475422"/>
                <entry key="5" type="xdouble" value="-1.2649009487285055E-7"/>
                <entry key="6" type="xdouble" value="0.0015049382262912762"/>
                <entry key="7" type="xdouble" value="7.169355380556639E-6"/>
                <entry key="8" type="xdouble" value="0.020994402203766548"/>
                <entry key="9" type="xdouble" value="6.099549270561324E-5"/>
                <entry key="10" type="xdouble" value="-0.007370905842770185"/>
                <entry key="11" type="xdouble" value="0.0016343660417377243"/>
                <entry key="12" type="xdouble" value="-3.719232148317073E-4"/>
            </config>
            <config key="row_6">
                <entry key="array-size" type="xint" value="13"/>
                <entry key="0" type="xdouble" value="0.08186647873358648"/>
                <entry key="1" type="xdouble" value="-0.9966231063910138"/>
                <entry key="2" type="xdouble" value="0.003914475616287133"/>
                <entry key="3" type="xdouble" value="-1.5274615024899827E-4"/>
                <entry key="4" type="xdouble" value="-3.213413945089832E-4"/>
                <entry key="5" type="xdouble" value="-2.062668192460344E-8"/>
                <entry key="6" type="xdouble" value="0.0019249627710139978"/>
                <entry key="7" type="xdouble" value="2.3636977574785393E-7"/>
                <entry key="8" type="xdouble" value="0.0020358759721309577"/>
                <entry key="9" type="xdouble" value="1.537217488875162E-5"/>
                <entry key="10" type="xdouble" value="-6.091467009722974E-4"/>
                <entry key="11" type="xdouble" value="-0.004073318340348108"/>
                <entry key="12" type="xdouble" value="-1.6286552566953178E-5"/>
            </config>
            <config key="row_7">
                <entry key="array-size" type="xint" value="13"/>
                <entry key="0" type="xdouble" value="1.695584344422475E-4"/>
                <entry key="1" type="xdouble" value="-0.00405689411099087"/>
                <entry key="2" type="xdouble" value="0.001639983248269354"/>
                <entry key="3" type="xdouble" value="1.5896178087965954E-4"/>
                <entry key="4" type="xdouble" value="-3.2626757619441476E-4"/>
                <entry key="5" type="xdouble" value="-5.338063259543564E-8"/>
                <entry key="6" type="xdouble" value="0.005473463247797364"/>
                <entry key="7" type="xdouble" value="4.02935977885573E-6"/>
                <entry key="8" type="xdouble" value="-4.0170554523512374E-4"/>
                <entry key="9" type="xdouble" value="-6.730040096149721E-4"/>
                <entry key="10" type="xdouble" value="1.117151468169654E-4"/>
                <entry key="11" type="xdouble" value="0.999975051089976"/>
                <entry key="12" type="xdouble" value="-5.6525182566972226E-5"/>
            </config>
            <config key="row_8">
                <entry key="array-size" type="xint" value="13"/>
                <entry key="0" type="xdouble" value="-1.7995877164925225E-4"/>
                <entry key="1" type="xdouble" value="0.0027266873322788873"/>
                <entry key="2" type="xdouble" value="0.019755107754670348"/>
                <entry key="3" type="xdouble" value="-0.001412974440371483"/>
                <entry key="4" type="xdouble" value="5.397404202177326E-4"/>
                <entry key="5" type="xdouble" value="6.543511587222189E-6"/>
                <entry key="6" type="xdouble" value="0.4117701841202732"/>
                <entry key="7" type="xdouble" value="5.3229081379695444E-5"/>
                <entry key="8" type="xdouble" value="0.9109476025974116"/>
                <entry key="9" type="xdouble" value="0.014691472230344184"/>
                <entry key="10" type="xdouble" value="5.594941201112418E-4"/>
                <entry key="11" type="xdouble" value="-0.0018990039553684489"/>
                <entry key="12" type="xdouble" value="-1.2600731486752443E-6"/>
            </config>
            <config key="row_9">
                <entry key="array-size" type="xint" value="13"/>
                <entry key="0" type="xdouble" value="-2.1011039387456214E-5"/>
                <entry key="1" type="xdouble" value="-9.129300704429947E-4"/>
                <entry key="2" type="xdouble" value="0.007246957925479941"/>
                <entry key="3" type="xdouble" value="-4.4811105053117864E-4"/>
                <entry key="4" type="xdouble" value="-9.882813162178368E-4"/>
                <entry key="5" type="xdouble" value="3.259031060146877E-6"/>
                <entry key="6" type="xdouble" value="-0.9112216835306964"/>
                <entry key="7" type="xdouble" value="1.4911753428162365E-4"/>
                <entry key="8" type="xdouble" value="0.4118041920611366"/>
                <entry key="9" type="xdouble" value="-0.0033601725698730305"/>
                <entry key="10" type="xdouble" value="3.7426748007976176E-4"/>
                <entry key="11" type="xdouble" value="0.005134949551611"/>
                <entry key="12" type="xdouble" value="-1.701556403027036E-5"/>
            </config>
            <config key="row_10">
                <entry key="array-size" type="xint" value="13"/>
                <entry key="0" type="xdouble" value="1.2572751031966078E-5"/>
                <entry key="1" type="xdouble" value="-2.940296073552162E-5"/>
                <entry key="2" type="xdouble" value="-2.0912500883833195E-4"/>
                <entry key="3" type="xdouble" value="2.600292982128325E-5"/>
                <entry key="4" type="xdouble" value="-1.3499902051654602E-4"/>
                <entry key="5" type="xdouble" value="-3.140874788588491E-5"/>
                <entry key="6" type="xdouble" value="-0.009108829794392745"/>
                <entry key="7" type="xdouble" value="-0.0012293210955724402"/>
                <entry key="8" type="xdouble" value="-0.012002138147282874"/>
                <entry key="9" type="xdouble" value="0.9998854353989239"/>
                <entry key="10" type="xdouble" value="4.849739757779989E-5"/>
                <entry key="11" type="xdouble" value="7.181533914795068E-4"/>
                <entry key="12" type="xdouble" value="2.6177007133132043E-6"/>
            </config>
            <config key="row_11">
                <entry key="array-size" type="xint" value="13"/>
                <entry key="0" type="xdouble" value="-2.452072274735663E-8"/>
                <entry key="1" type="xdouble" value="-2.3535780962993078E-7"/>
                <entry key="2" type="xdouble" value="-4.707615800596208E-6"/>
                <entry key="3" type="xdouble" value="6.624631289671885E-7"/>
                <entry key="4" type="xdouble" value="1.323502657205571E-6"/>
                <entry key="5" type="xdouble" value="-0.01580217710302467"/>
                <entry key="6" type="xdouble" value="-1.0271820941356403E-4"/>
                <entry key="7" type="xdouble" value="-0.9998743690916982"/>
                <entry key="8" type="xdouble" value="1.249060734835331E-4"/>
                <entry key="9" type="xdouble" value="-0.001229243860885208"/>
                <entry key="10" type="xdouble" value="-5.020293486886356E-7"/>
                <entry key="11" type="xdouble" value="3.820370607736051E-6"/>
                <entry key="12" type="xdouble" value="-1.491668186093758E-8"/>
            </config>
            <config key="row_12">
                <entry key="array-size" type="xint" value="13"/>
                <entry key="0" type="xdouble" value="-6.114568003774975E-9"/>
                <entry key="1" type="xdouble" value="4.053325622183454E-8"/>
                <entry key="2" type="xdouble" value="3.589607252052705E-7"/>
                <entry key="3" type="xdouble" value="-2.5315717910262285E-8"/>
                <entry key="4" type="xdouble" value="-5.0806248844566564E-8"/>
                <entry key="5" type="xdouble" value="-0.9998751372840691"/>
                <entry key="6" type="xdouble" value="1.633706752735052E-6"/>
                <entry key="7" type="xdouble" value="0.01580220441189016"/>
                <entry key="8" type="xdouble" value="5.704129470225814E-6"/>
                <entry key="9" type="xdouble" value="-1.189669792165455E-5"/>
                <entry key="10" type="xdouble" value="1.274317613529786E-9"/>
                <entry key="11" type="xdouble" value="-1.3214318823047845E-7"/>
                <entry key="12" type="xdouble" value="-1.2403854859130564E-9"/>
            </config>
        </config>
    </config>
</config>
