<?xml version="1.0" encoding="UTF-8"?>
<config xmlns="http://www.knime.org/2008/09/XMLConfig" xmlns:xsi="http://www.w3.org/2001/XMLSchema-instance" xsi:schemaLocation="http://www.knime.org/2008/09/XMLConfig http://www.knime.org/XMLConfig_2008_09.xsd" key="MiningSchema">
    <config key="learning">
        <entry key="array-size" type="xint" value="13"/>
        <entry key="0" type="xstring" value="Altura de terraplén"/>
        <entry key="1" type="xstring" value="Ancho de corona"/>
        <entry key="2" type="xstring" value="Peso específico"/>
        <entry key="3" type="xstring" value="Cohesión"/>
        <entry key="4" type="xstring" value="Ángulo de fricción interna"/>
        <entry key="5" type="xstring" value="Pemeabilidad saturada"/>
        <entry key="6" type="xstring" value="Contenido volumétrico de agua"/>
        <entry key="7" type="xstring" value="Índice de compresibilidad volumétrica"/>
        <entry key="8" type="xstring" value="Diámetro efectivo para el 60%"/>
        <entry key="9" type="xstring" value="Diámetro efectivo para el 10%"/>
        <entry key="10" type="xstring" value="Límite líquido"/>
        <entry key="11" type="xstring" value="Velocidad"/>
        <entry key="12" type="xstring" value="Tiempo"/>
    </config>
    <config key="target">
        <entry key="array-size" type="xint" value="1"/>
        <entry key="0" type="xstring" value="FS"/>
    </config>
</config>
